{
  "InfoLineOrders": {
    "infoFPS": 0,
    "infoMemoryUsage": 0,
    "infoTimeIRL": 0,
    "infoTimeWorld": 0,
    "infoWorldTimeFormatted": 0,
    "infoCoordinates": 0,
    "infoCoordinatesScaled": 0,
    "infoBlockPosition": 0,
    "infoChunkPosition": 0,
    "infoBlockInChunk": 0,
    "infoDimensionId": 0,
    "infoFacing": 0,
    "infoRotationYaw": 0,
    "infoRotationPitch": 0,
    "infoBlockBreakSpeed": 0,
    "infoPlayerExperience": 0,
    "infoSpeed": 0,
    "infoSpeedAxis": 0,
    "infoSpeedHV": 0,
    "infoSprinting": 0,
    "infoServerTPS": 0,
    "infoServux": 0,
    "infoPing": 0,
    "infoWeather": 0,
    "infoTimeTotalModulo": 0,
    "infoTimeDayModulo": 0,
    "infoMobCaps": 0,
    "infoParticleCount": 0,
    "infoDifficulty": 0,
    "infoEntities": 0,
    "infoEntitiesClientWorld": 0,
    "infoTileEntities": 0,
    "infoLightLevel": 0,
    "infoBiome": 0,
    "infoBiomeRegistryName": 0,
    "infoDistance": 0,
    "infoLoadedChunksCount": 0,
    "infoChunkSections": 0,
    "infoChunkSectionsLine": 0,
    "infoChunkUpdates": 0,
    "infoRegionFile": 0,
    "infoSlimeChunk": 0,
    "infoLookingAtBlock": 0,
    "infoLookingAtBlockInChunk": 0,
    "infoBlockProperties": 0,
    "infoBeeCount": 0,
    "infoHoneyLevel": 0,
    "infoFurnaceXp": 0,
    "infoEntityRegistryName": 0,
    "infoLookingAtEntity": 0,
    "infoLookingAtEffects": 0,
    "infoLookingAtPlayerExp": 0,
    "infoZombieConversion": 0,
    "infoHorseSpeed": 0,
    "infoHorseJump": 0,
    "infoPandaGene": 0,
    "infoEntityVariant": 0
  },
  "Colors": {
    "beaconRangeLvl1": "#20E060FF",
    "beaconRangeLvl2": "#20FFB040",
    "beaconRangeLvl3": "#20FFF040",
    "beaconRangeLvl4": "#2060FF40",
    "blockGridOverlayColor": "#80FFFFFF",
    "conduitRange": "#2030FFFF",
    "lightLevelMarkerBlockLit": "#FF209040",
    "lightLevelMarkerDark": "#FFFF4848",
    "lightLevelMarkerDim": "#FFC0C040",
    "lightLevelMarkerSkyLit": "#FFFFFF33",
    "lightLevelNumberBlockDark": "#FFC03030",
    "lightLevelNumberBlockDim": "#FFC0C040",
    "lightLevelNumberBlockLit": "#FF20FF40",
    "lightLevelNumberSkyDark": "#FFFFF030",
    "lightLevelNumberSkyDim": "#FFC0C030",
    "lightLevelNumberSkyLit": "#FF40E0FF",
    "randomTicksFixedOverlayColor": "#30F9F225",
    "randomTicksPlayerOverlayColor": "#3030FE73",
    "regionOverlayColor": "#30FF8019",
    "shapeAdjustableSpawnSphere": "#6030B0B0",
    "shapeBox": "#6050A0A0",
    "shapeCanDespawnSphere": "#60A04050",
    "shapeCanSpawnSphere": "#60A04050",
    "shapeCircle": "#6030B0B0",
    "shapeDespawnSphere": "#60A04050",
    "shapeLineBlocky": "#6030F0B0",
    "shapeSphereBlocky": "#6030B0B0",
    "slimeChunksOverlayColor": "#3020F020",
    "spawnPlayerEntityOverlayColor": "#302050D0",
    "spawnPlayerRedstoneOverlayColor": "#30F8D641",
    "spawnPlayerLazyOverlayColor": "#30D030D0",
    "spawnPlayerOuterOverlayColor": "#306900D2",
    "spawnRealEntityOverlayColor": "#3030FF20",
    "spawnRealRedstoneOverlayColor": "#30F8D641",
    "spawnRealLazyOverlayColor": "#30FF3020",
    "spawnRealOuterOverlayColor": "#309D581A",
    "spawnableColumnHeightsOverlayColor": "#A0FF00FF",
    "textBackgroundColor": "#A0505050",
    "textColor": "#FFE0E0E0"
  },
  "Generic": {
    "axolotlTooltips": false,
    "beeTooltips": false,
    "honeyTooltips": false,
    "biomeOverlaySingleColor": true,
    "bundlePreview": false,
    "bundleDisplayBgColor": true,
    "bundleDisplayRequireShift": true,
    "debugMessages": false,
    "dontClearStoredSeedOnDimensionChange": true,
    "entityDataSync": true,
    "entityDataSyncBackup": true,
    "entityDataSyncCacheTimeout": 1.0,
    "entityDataSyncLoadNbt": false,
    "infoLinesUsesNbt": true,
    "lightLevelAutoHeight": false,
    "lightLevelCollisionCheck": false,
    "lightLevelColoredNumbers": true,
    "lightLevelNumberRotation": true,
    "lightLevelRenderThrough": false,
    "lightLevelSkipBlockCheck": false,
    "lightLevelUnderWater": false,
    "mapPreview": false,
    "mapPreviewRequireShift": true,
    "offsetSubtitleHud": true,
    "requireSneak": false,
    "shulkerBoxPreview": false,
    "shulkerDisplayBgColor": true,
    "shulkerDisplayEnderChest": false,
    "shulkerDisplayRequireShift": true,
    "slimeChunkTopToPlayer": true,
    "sortLinesByLength": false,
    "sortLinesReversed": false,
    "spawnPlayerOuterOverlayEnabled": false,
    "spawnPlayerRedstoneOverlayEnabled": false,
    "spawnRealOuterOverlayEnabled": false,
    "spawnRealRedstoneOverlayEnabled": false,
    "structuresRenderThrough": false,
    "useCustomizedCoordinateFormat": true,
    "useFontShadow": false,
    "useTextBackground": true,
    "mainRenderingToggle": {
      "enabled": true,
      "hotkey": {
        "keys": "H"
      }
    },
    "moveShapeToPlayer": {
      "keys": ""
    },
    "openConfigGui": {
      "keys": "H,C"
    },
    "requiredKey": {
      "keys": ""
    },
    "serverNbtRequestRate": 2,
    "setDistanceReferencePoint": {
      "keys": ""
    },
    "shapeEditor": {
      "keys": ""
    },
    "blockGridOverlayMode": "all",
    "lightLevelMarkerCondition": "spawnable",
    "lightLevelMarkers": "square",
    "lightLevelNumberCondition": "always",
    "lightLevelNumbers": "block",
    "hudAlignment": "top_left",
    "biomeOverlayRange": 4,
    "biomeOverlayRangeVertical": 0,
    "blockPosFormat": "Block: %d, %d, %d",
    "blockGridOverlayRadius": 32,
    "coordinateFormat": "x: %.1f y: %.1f z: %.1f",
    "dateFormatReal": "yyyy-MM-dd HH:mm:ss",
    "dateFormatMinecraft": "MC time: (day {DAY}) {HOUR}:{MIN}:xx",
    "fontScale": 0.5,
    "lightLevelMarkerSize": 0.84,
    "lightLevelNumberOffsetBlockX": 0.26,
    "lightLevelNumberOffsetBlockY": 0.32,
    "lightLevelNumberOffsetSkyX": 0.42,
    "lightLevelNumberOffsetSkyY": 0.56,
    "lightLevelRange": 24,
    "lightLevelThresholdDim": 0,
    "lightLevelThresholdSafe": 1,
    "lightLevelRenderOffset": 0.005,
    "mapPreviewSize": 160,
    "slimeChunkOverlayRadius": -1,
    "spawnableColumnHeightsOverlayRadius": 40,
    "textPosX": 4,
    "textPosY": 4,
    "timeDayDivisor": 24000,
    "timeTotalDivisor": 24000,
    "inventoryPreview": {
      "keys": "LEFT_ALT"
    },
    "inventoryPreviewEnabled": false,
    "inventoryPreviewToggleScreen": {
      "keys": "BUTTON_3"
    },
    "villagerConversionTicks": true,
    "villagerOfferEnchantmentBooks": true,
    "villagerOfferPriceRange": true,
    "villagerOfferHighestLevelOnly": false,
    "villagerOfferLowestPriceNearby": false,
    "villagerOfferPriceThreshold": 1.0
  },
  "InfoTypeToggles": {
    "infoFPS": true,
    "infoMemoryUsage": false,
    "infoTimeIRL": true,
    "infoTimeWorld": false,
    "infoWorldTimeFormatted": false,
    "infoCoordinates": true,
    "infoCoordinatesScaled": true,
    "infoBlockPosition": false,
    "infoChunkPosition": false,
    "infoBlockInChunk": false,
    "infoDimensionId": false,
    "infoFacing": true,
    "infoRotationYaw": false,
    "infoRotationPitch": false,
    "infoBlockBreakSpeed": false,
    "infoPlayerExperience": false,
    "infoSpeed": false,
    "infoSpeedAxis": false,
    "infoSpeedHV": false,
    "infoSprinting": false,
    "infoServerTPS": false,
    "infoServux": false,
    "infoPing": false,
    "infoWeather": false,
    "infoTimeTotalModulo": false,
    "infoTimeDayModulo": false,
    "infoMobCaps": false,
    "infoParticleCount": false,
    "infoDifficulty": false,
    "infoEntities": false,
    "infoEntitiesClientWorld": false,
    "infoTileEntities": false,
    "infoLightLevel": false,
    "infoBiome": true,
    "infoBiomeRegistryName": true,
    "infoDistance": false,
    "infoLoadedChunksCount": false,
    "infoChunkSections": false,
    "infoChunkSectionsLine": false,
    "infoChunkUpdates": false,
    "infoRegionFile": false,
    "infoSlimeChunk": false,
    "infoLookingAtBlock": false,
    "infoLookingAtBlockInChunk": false,
    "infoBlockProperties": false,
    "infoBeeCount": false,
    "infoHoneyLevel": false,
    "infoFurnaceXp": false,
    "infoEntityRegistryName": false,
    "infoLookingAtEntity": false,
    "infoLookingAtEffects": false,
    "infoLookingAtPlayerExp": false,
    "infoZombieConversion": false,
    "infoHorseSpeed": false,
    "infoHorseJump": false,
    "infoPandaGene": false,
    "infoEntityVariant": false
  },
  "InfoHotkeys": {
    "infoFPS": {
      "keys": ""
    },
    "infoMemoryUsage": {
      "keys": ""
    },
    "infoTimeIRL": {
      "keys": ""
    },
    "infoTimeWorld": {
      "keys": ""
    },
    "infoWorldTimeFormatted": {
      "keys": ""
    },
    "infoCoordinates": {
      "keys": ""
    },
    "infoCoordinatesScaled": {
      "keys": ""
    },
    "infoBlockPosition": {
      "keys": ""
    },
    "infoChunkPosition": {
      "keys": ""
    },
    "infoBlockInChunk": {
      "keys": ""
    },
    "infoDimensionId": {
      "keys": ""
    },
    "infoFacing": {
      "keys": ""
    },
    "infoRotationYaw": {
      "keys": ""
    },
    "infoRotationPitch": {
      "keys": ""
    },
    "infoBlockBreakSpeed": {
      "keys": ""
    },
    "infoPlayerExperience": {
      "keys": ""
    },
    "infoSpeed": {
      "keys": ""
    },
    "infoSpeedAxis": {
      "keys": ""
    },
    "infoSpeedHV": {
      "keys": ""
    },
    "infoSprinting": {
      "keys": ""
    },
    "infoServerTPS": {
      "keys": ""
    },
    "infoServux": {
      "keys": ""
    },
    "infoPing": {
      "keys": ""
    },
    "infoWeather": {
      "keys": ""
    },
    "infoTimeTotalModulo": {
      "keys": ""
    },
    "infoTimeDayModulo": {
      "keys": ""
    },
    "infoMobCaps": {
      "keys": ""
    },
    "infoParticleCount": {
      "keys": ""
    },
    "infoDifficulty": {
      "keys": ""
    },
    "infoEntities": {
      "keys": ""
    },
    "infoEntitiesClientWorld": {
      "keys": ""
    },
    "infoTileEntities": {
      "keys": ""
    },
    "infoLightLevel": {
      "keys": ""
    },
    "infoBiome": {
      "keys": ""
    },
    "infoBiomeRegistryName": {
      "keys": ""
    },
    "infoDistance": {
      "keys": ""
    },
    "infoLoadedChunksCount": {
      "keys": ""
    },
    "infoChunkSections": {
      "keys": ""
    },
    "infoChunkSectionsLine": {
      "keys": ""
    },
    "infoChunkUpdates": {
      "keys": ""
    },
    "infoRegionFile": {
      "keys": ""
    },
    "infoSlimeChunk": {
      "keys": ""
    },
    "infoLookingAtBlock": {
      "keys": ""
    },
    "infoLookingAtBlockInChunk": {
      "keys": ""
    },
    "infoBlockProperties": {
      "keys": ""
    },
    "infoBeeCount": {
      "keys": ""
    },
    "infoHoneyLevel": {
      "keys": ""
    },
    "infoFurnaceXp": {
      "keys": ""
    },
    "infoEntityRegistryName": {
      "keys": ""
    },
    "infoLookingAtEntity": {
      "keys": ""
    },
    "infoLookingAtEffects": {
      "keys": ""
    },
    "infoLookingAtPlayerExp": {
      "keys": ""
    },
    "infoZombieConversion": {
      "keys": ""
    },
    "infoHorseSpeed": {
      "keys": ""
    },
    "infoHorseJump": {
      "keys": ""
    },
    "infoPandaGene": {
      "keys": ""
    },
    "infoEntityVariant": {
      "keys": ""
    }
  },
  "RendererToggles": {
    "overlayBeaconRange": false,
    "overlayBiomeBorder": false,
    "overlayBlockGrid": false,
    "overlayConduitRange": false,
    "overlayLightLevel": false,
    "overlayRandomTicksFixed": false,
    "overlayRandomTicksPlayer": false,
    "overlayRegionFile": false,
    "overlaySlimeChunks": false,
    "overlaySpawnableColumnHeights": false,
    "overlaySpawnChunkReal": false,
    "overlaySpawnChunkPlayer": false,
    "overlayStructureMainToggle": false,
    "overlayVillagerInfo": false,
    "shapeRenderer": false,
    "debugDataMainToggle": false,
    "debugBeeDataEnabled": false,
    "debugBrainEnabled": false,
    "debugBreezeJumpEnabled": false,
    "debugChunkBorder": false,
    "debugChunkInfo": false,
    "debugChunkLoading": false,
    "debugChunkOcclusion": false,
    "debugCollisionBoxEnabled": false,
    "debugHeightmapEnabled": false,
    "debugLightEnabled": false,
    "debugNeighborsUpdateEnabled": false,
    "debugGameEventsEnabled": false,
    "debugGoalSelectorEnabled": false,
    "debugPathfindingEnabled": false,
    "debugRaidCenterEnabled": false,
    "debugSkylightEnabled": false,
    "debugSolidFaceEnabled": false,
    "debugStructuresEnabled": false,
    "debugSupportingBlock": false,
    "debugWaterEnabled": false,
    "debugVillageEnabled": false,
    "debugVillageSectionsEnabled": false,
    "debugWorldGenEnabled": false
  },
  "RendererHotkeys": {
    "overlayBeaconRange": {
      "keys": ""
    },
    "overlayBiomeBorder": {
      "keys": ""
    },
    "overlayBlockGrid": {
      "keys": ""
    },
    "overlayConduitRange": {
      "keys": ""
    },
    "overlayLightLevel": {
      "keys": "L"
    },
    "overlayRandomTicksFixed": {
      "keys": ""
    },
    "overlayRandomTicksPlayer": {
      "keys": ""
    },
    "overlayRegionFile": {
      "keys": ""
    },
    "overlaySlimeChunks": {
      "keys": ""
    },
    "overlaySpawnableColumnHeights": {
      "keys": ""
    },
    "overlaySpawnChunkReal": {
      "keys": ""
    },
    "overlaySpawnChunkPlayer": {
      "keys": ""
    },
    "overlayStructureMainToggle": {
      "keys": ""
    },
    "overlayVillagerInfo": {
      "keys": ""
    },
    "shapeRenderer": {
      "keys": ""
    },
    "debugDataMainToggle": {
      "keys": ""
    },
    "debugBeeDataEnabled": {
      "keys": ""
    },
    "debugBrainEnabled": {
      "keys": ""
    },
    "debugBreezeJumpEnabled": {
      "keys": ""
    },
    "debugChunkBorder": {
      "keys": ""
    },
    "debugChunkInfo": {
      "keys": ""
    },
    "debugChunkLoading": {
      "keys": ""
    },
    "debugChunkOcclusion": {
      "keys": ""
    },
    "debugCollisionBoxEnabled": {
      "keys": ""
    },
    "debugHeightmapEnabled": {
      "keys": ""
    },
    "debugLightEnabled": {
      "keys": ""
    },
    "debugNeighborsUpdateEnabled": {
      "keys": ""
    },
    "debugGameEventsEnabled": {
      "keys": ""
    },
    "debugGoalSelectorEnabled": {
      "keys": ""
    },
    "debugPathfindingEnabled": {
      "keys": ""
    },
    "debugRaidCenterEnabled": {
      "keys": ""
    },
    "debugSkylightEnabled": {
      "keys": ""
    },
    "debugSolidFaceEnabled": {
      "keys": ""
    },
    "debugStructuresEnabled": {
      "keys": ""
    },
    "debugSupportingBlock": {
      "keys": ""
    },
    "debugWaterEnabled": {
      "keys": ""
    },
    "debugVillageEnabled": {
      "keys": ""
    },
    "debugVillageSectionsEnabled": {
      "keys": ""
    },
    "debugWorldGenEnabled": {
      "keys": ""
    }
  },
  "StructureColors": {
    "Ancient City Main": "#30D10AE6",
    "Ancient City Components": "#30D506C9",
    "Bastion Remnant Main": "#302171F5",
    "Bastion Remnant Components": "#302171F5",
    "Buried Treasure Main": "#302298E6",
    "Buried Treasure Components": "#302298E6",
    "Desert Pyramid Main": "#30FFFF00",
    "Desert Pyramid Components": "#30FFFF00",
    "End City Main": "#30EB07EB",
    "End City Components": "#30EB07EB",
    "Igloo Main": "#300FAFE4",
    "Igloo Components": "#300FAFE4",
    "Jungle Temple Main": "#3099FF00",
    "Jungle Temple Components": "#3099FF00",
    "Mansion Main": "#30FF6500",
    "Mansion Components": "#30FF6500",
    "Mineshaft Main": "#30F8D650",
    "Mineshaft Components": "#30F8D650",
    "Nether Fortress Main": "#30FC381D",
    "Nether Fortress Components": "#30FC381D",
    "Nether Fossil Main": "#30868E99",
    "Nether Fossil Components": "#30868E99",
    "Ocean Monument Main": "#3029E6EF",
    "Ocean Monument Components": "#3029E6EF",
    "Ocean Ruin Main": "#300FAD83",
    "Ocean Ruin Components": "#300FAD83",
    "Pillager Outpost Main": "#300FAD83",
    "Pillager Outpost Components": "#300FAD83",
    "Ruined Portal Main": "#309F03D3",
    "Ruined Portal Components": "#309F03D3",
    "Shipwreck Main": "#30EB1995",
    "Shipwreck Components": "#30EB1995",
    "Stronghold Main": "#30009999",
    "Stronghold Components": "#30009999",
    "Trial Chambers Main": "#3099664E",
    "Trial Chambers Components": "#30CC8868",
    "Village Main": "#3054CB4E",
    "Village Components": "#3054CB4E",
    "Witch Hut Main": "#30BE1DFC",
    "Witch Hut Components": "#300099FF",
    "Trail Ruins Main": "#307F5AFF",
    "Trail Ruins Components": "#307F5AFF",
    "Unknown Main": "#50FFFFFF",
    "Unknown Components": "#50FFFFFF"
  },
  "StructureHotkeys": {
    "Toggle Ancient City": {
      "keys": ""
    },
    "Toggle Bastion Remnant": {
      "keys": ""
    },
    "Toggle Buried Treasure": {
      "keys": ""
    },
    "Toggle Desert Pyramid": {
      "keys": ""
    },
    "Toggle End City": {
      "keys": ""
    },
    "Toggle Igloo": {
      "keys": ""
    },
    "Toggle Jungle Temple": {
      "keys": ""
    },
    "Toggle Mansion": {
      "keys": ""
    },
    "Toggle Mineshaft": {
      "keys": ""
    },
    "Toggle Nether Fortress": {
      "keys": ""
    },
    "Toggle Nether Fossil": {
      "keys": ""
    },
    "Toggle Ocean Monument": {
      "keys": ""
    },
    "Toggle Ocean Ruin": {
      "keys": ""
    },
    "Toggle Pillager Outpost": {
      "keys": ""
    },
    "Toggle Ruined Portal": {
      "keys": ""
    },
    "Toggle Shipwreck": {
      "keys": ""
    },
    "Toggle Stronghold": {
      "keys": ""
    },
    "Toggle Trial Chambers": {
      "keys": ""
    },
    "Toggle Village": {
      "keys": ""
    },
    "Toggle Witch Hut": {
      "keys": ""
    },
    "Toggle Trail Ruins": {
      "keys": ""
    },
    "Toggle Unknown": {
      "keys": ""
    }
  },
  "StructureToggles": {
    "Ancient City": false,
    "Bastion Remnant": false,
    "Buried Treasure": false,
    "Desert Pyramid": false,
    "End City": false,
    "Igloo": false,
    "Jungle Temple": false,
    "Mansion": false,
    "Mineshaft": false,
    "Nether Fortress": false,
    "Nether Fossil": false,
    "Ocean Monument": false,
    "Ocean Ruin": false,
    "Pillager Outpost": false,
    "Ruined Portal": false,
    "Shipwreck": false,
    "Stronghold": false,
    "Trial Chambers": false,
    "Village": false,
    "Witch Hut": false,
    "Trail Ruins": false,
    "Unknown": false
  },
  "config_version": 1
}